id,city_id,"name"
1,37,"ABANA"
2,20,"ACIPAYAM"
3,34,"ADALAR"
4,1,"SEYHAN"
5,2,"ADIYAMAN MERKEZ"
6,13,"ADİLCEVAZ"
7,46,"AFŞİN"
8,3,"AFYONKARAHİSAR MERKEZ"
9,15,"AĞLASUN"
10,23,"AĞIN"
11,4,"AĞRI MERKEZ"
12,13,"AHLAT"
13,61,"AKÇAABAT"
14,44,"AKÇADAĞ"
15,63,"AKÇAKALE"
16,81,"AKÇAKOCA"
17,66,"AKDAĞMADENİ"
18,45,"AKHİSAR"
19,52,"AKKUŞ"
20,68,"AKSARAY MERKEZ"
21,7,"AKSEKİ"
22,42,"AKŞEHİR"
23,54,"AKYAZI"
24,19,"ALACA"
25,55,"ALAÇAM"
26,7,"ALANYA"
27,45,"ALAŞEHİR"
28,35,"ALİAĞA"
29,60,"ALMUS"
30,6,"ALTINDAĞ"
31,31,"ALTINÖZÜ"
32,43,"ALTINTAŞ"
33,28,"ALUCRA"
34,5,"AMASYA MERKEZ"
35,33,"ANAMUR"
36,46,"ANDIRIN"
38,27,"ARABAN"
39,37,"ARAÇ"
40,61,"ARAKLI"
41,76,"ARALIK"
42,44,"ARAPGİR"
43,75,"ARDAHAN MERKEZ"
44,8,"ARDANUÇ"
45,53,"ARDEŞEN"
46,8,"ARHAVİ"
47,44,"ARGUVAN"
48,36,"ARPAÇAY"
49,61,"ARSİN"
50,60,"ARTOVA"
51,8,"ARTVİN MERKEZ"
52,25,"AŞKALE"
53,32,"ATABEY"
54,50,"AVANOS"
55,57,"AYANCIK"
56,6,"AYAŞ"
57,52,"AYBASTI"
59,17,"AYVACIK"
60,10,"AYVALIK"
61,37,"AZDAVAY"
62,39,"BABAESKİ"
63,55,"BAFRA"
64,80,"BAHÇE"
65,34,"BAKIRKÖY"
66,6,"BALA"
68,10,"BALYA"
69,64,"BANAZ"
70,10,"BANDIRMA"
71,74,"BARTIN MERKEZ"
72,23,"BASKİL"
73,72,"BATMAN MERKEZ"
74,65,"BAŞKALE"
75,69,"BAYBURT MERKEZ"
76,19,"BAYAT"
77,35,"BAYINDIR"
78,56,"BAYKAN"
79,17,"BAYRAMİÇ"
80,35,"BERGAMA"
81,2,"BESNİ"
82,34,"BEŞİKTAŞ"
83,72,"BEŞİRİ"
84,34,"BEYKOZ"
85,34,"BEYOĞLU"
86,6,"BEYPAZARI"
87,42,"BEYŞEHİR"
88,73,"BEYTÜŞŞEBAP"
89,17,"BİGA"
90,10,"BİGADİÇ"
91,11,"BİLECİK MERKEZ"
92,12,"BİNGÖL MERKEZ"
93,63,"BİRECİK"
94,21,"BİSMİL"
95,13,"BİTLİS MERKEZ"
96,48,"BODRUM"
97,66,"BOĞAZLIYAN"
98,14,"BOLU MERKEZ"
99,3,"BOLVADİN"
100,51,"BOR"
101,8,"BORÇKA"
102,35,"BORNOVA"
103,57,"BOYABAT"
104,17,"BOZCAADA"
105,9,"BOZDOĞAN"
106,42,"BOZKIR"
107,37,"BOZKURT"
108,63,"BOZOVA"
109,11,"BOZÜYÜK"
110,15,"BUCAK"
111,28,"BULANCAK"
112,49,"BULANIK"
113,20,"BULDAN"
114,15,"BURDUR MERKEZ"
115,10,"BURHANİYE"
116,38,"BÜNYAN"
117,1,"CEYHAN"
118,63,"CEYLANPINAR"
119,37,"CİDE"
120,42,"CİHANBEYLİ"
121,73,"CİZRE"
122,20,"ÇAL"
123,51,"ÇAMARDI"
124,20,"ÇAMELİ"
125,6,"ÇAMLIDERE"
126,53,"ÇAMLIHEMŞİN"
127,17,"ÇAN"
128,17,"ÇANAKKALE MERKEZ"
129,6,"ÇANKAYA"
130,18,"ÇANKIRI MERKEZ"
131,20,"ÇARDAK"
132,55,"ÇARŞAMBA"
133,25,"ÇAT"
134,65,"ÇATAK"
135,34,"ÇATALCA"
136,37,"ÇATALZEYTİN"
137,3,"ÇAY"
138,67,"ÇAYCUMA"
139,53,"ÇAYELİ"
140,66,"ÇAYIRALAN"
141,24,"ÇAYIRLI"
142,61,"ÇAYKARA"
143,66,"ÇEKEREK"
144,2,"ÇELİKHAN"
145,62,"ÇEMİŞGEZEK"
146,18,"ÇERKEŞ"
147,21,"ÇERMİK"
148,59,"ÇERKEZKÖY"
149,35,"ÇEŞME"
150,75,"ÇILDIR"
151,21,"ÇINAR"
152,40,"ÇİÇEKDAĞI"
153,26,"ÇİFTELER"
154,9,"ÇİNE"
155,20,"ÇİVRİL"
156,59,"ÇORLU"
157,19,"ÇORUM MERKEZ"
158,6,"ÇUBUK"
159,30,"ÇUKURCA"
160,42,"ÇUMRA"
161,21,"ÇÜNGÜŞ"
162,37,"DADAY"
163,44,"DARENDE"
164,48,"DATÇA"
165,3,"DAZKIRI"
166,71,"DELİCE"
167,45,"DEMİRCİ"
168,39,"DEMİRKÖY"
170,28,"DERELİ"
171,47,"DERİK"
172,50,"DERİNKUYU"
173,38,"DEVELİ"
174,67,"DEVREK"
175,37,"DEVREKANİ"
176,21,"DİCLE"
177,36,"DİGOR"
178,35,"DİKİLİ"
179,3,"DİNAR"
180,58,"DİVRİĞİ"
181,4,"DİYADİN"
183,42,"DOĞANHİSAR"
184,44,"DOĞANŞEHİR"
185,4,"DOĞUBAYAZIT"
186,43,"DOMANİÇ"
187,31,"DÖRTYOL"
188,57,"DURAĞAN"
189,10,"DURSUNBEY"
190,81,"DÜZCE MERKEZ"
191,17,"ECEABAT"
192,10,"EDREMİT"
193,22,"EDİRNE MERKEZ"
194,78,"EFLANİ"
195,32,"EĞİRDİR"
196,23,"ELAZIĞ MERKEZ"
197,46,"ELBİSTAN"
198,18,"ELDİVAN"
199,4,"ELEŞKİRT"
200,6,"ELMADAĞ"
201,7,"ELMALI"
202,43,"EMET"
204,3,"EMİRDAĞ"
205,22,"ENEZ"
206,60,"ERBAA"
207,65,"ERCİŞ"
208,10,"ERDEK"
209,33,"ERDEMLİ"
210,42,"EREĞLİ"
211,67,"EREĞLİ"
212,57,"ERFELEK"
213,21,"ERGANİ"
214,70,"ERMENEK"
215,56,"ERUH"
216,24,"ERZİNCAN MERKEZ"
218,28,"ESPİYE"
219,78,"ESKİPAZAR"
221,64,"EŞME"
222,28,"EYNESİL"
223,34,"EYÜPSULTAN"
224,17,"EZİNE"
225,34,"FATİH"
226,52,"FATSA"
227,1,"FEKE"
228,38,"FELAHİYE"
229,48,"FETHİYE"
230,53,"FINDIKLI"
231,7,"FİNİKE"
232,35,"FOÇA"
233,34,"GAZİOSMANPAŞA"
234,7,"GAZİPAŞA"
235,41,"GEBZE"
236,43,"GEDİZ"
237,17,"GELİBOLU"
238,32,"GELENDOST"
239,58,"GEMEREK"
240,16,"GEMLİK"
241,12,"GENÇ"
242,72,"GERCÜŞ"
243,14,"GEREDE"
244,2,"GERGER"
245,9,"GERMENCİK"
246,57,"GERZE"
247,65,"GEVAŞ"
248,54,"GEYVE"
249,28,"GİRESUN MERKEZ"
250,46,"GÖKSUN"
251,2,"GÖLBAŞI"
252,41,"GÖLCÜK"
253,75,"GÖLE"
254,15,"GÖLHİSAR"
255,52,"GÖLKÖY"
256,11,"GÖLPAZARI"
257,10,"GÖNEN"
258,28,"GÖRELE"
259,45,"GÖRDES"
260,5,"GÖYNÜCEK"
261,14,"GÖYNÜK"
262,6,"GÜDÜL"
263,33,"GÜLNAR"
264,50,"GÜLŞEHİR"
265,5,"GÜMÜŞHACIKÖY"
266,29,"GÜMÜŞHANE MERKEZ"
267,7,"GÜNDOĞMUŞ"
268,20,"GÜNEY"
269,65,"GÜRPINAR"
270,58,"GÜRÜN"
271,50,"HACIBEKTAŞ"
272,42,"HADİM"
273,58,"HAFİK"
274,30,"HAKKARİ MERKEZ"
275,63,"HALFETİ"
276,4,"HAMUR"
277,75,"HANAK"
278,21,"HANİ"
279,31,"HASSA"
281,10,"HAVRAN"
282,22,"HAVSA"
283,55,"HAVZA"
284,6,"HAYMANA"
285,59,"HAYRABOLU"
286,21,"HAZRO"
287,44,"HEKİMHAN"
288,54,"HENDEK"
289,25,"HINIS"
290,63,"HİLVAN"
291,13,"HİZAN"
292,8,"HOPA"
293,25,"HORASAN"
294,62,"HOZAT"
295,76,"IĞDIR MERKEZ"
296,18,"ILGAZ"
297,42,"ILGIN"
298,32,"ISPARTA MERKEZ"
300,73,"İDİL"
301,3,"İHSANİYE"
302,53,"İKİZDERE"
303,24,"İLİÇ"
304,58,"İMRANLI"
305,17,"GÖKÇEADA"
306,38,"İNCESU"
307,37,"İNEBOLU"
308,16,"İNEGÖL"
309,22,"İPSALA"
310,31,"İSKENDERUN"
311,19,"İSKİLİP"
312,27,"İSLAHİYE"
313,25,"İSPİR"
314,10,"İVRİNDİ"
315,16,"İZNİK"
316,34,"KADIKÖY"
317,42,"KADINHANI"
318,80,"KADİRLİ"
319,36,"KAĞIZMAN"
320,2,"KAHTA"
321,20,"KALE"
322,6,"KALECİK"
323,53,"KALKANDERE"
324,40,"KAMAN"
325,41,"KANDIRA"
326,58,"KANGAL"
327,35,"KARABURUN"
328,78,"KARABÜK MERKEZ"
329,16,"KARACABEY"
330,9,"KARACASU"
331,64,"KARAHALLI"
332,1,"KARAİSALI"
333,23,"KARAKOÇAN"
334,70,"KARAMAN MERKEZ"
335,41,"KARAMÜRSEL"
336,42,"KARAPINAR"
337,54,"KARASU"
338,1,"KARATAŞ"
339,25,"KARAYAZI"
340,19,"KARGI"
341,12,"KARLIOVA"
342,36,"KARS MERKEZ"
343,35,"KARŞIYAKA"
344,34,"KARTAL"
345,37,"KASTAMONU MERKEZ"
346,7,"KAŞ"
347,55,"KAVAK"
348,54,"KAYNARCA"
349,23,"KEBAN"
350,32,"KEÇİBORLU"
351,16,"KELES"
352,29,"KELKİT"
353,24,"KEMAH"
354,24,"KEMALİYE"
355,35,"KEMALPAŞA"
356,10,"KEPSUT"
357,71,"KESKİN"
358,22,"KEŞAN"
359,28,"KEŞAP"
360,14,"KIBRISCIK"
361,35,"KINIK"
362,31,"KIRIKHAN"
363,71,"KIRIKKALE MERKEZ"
364,45,"KIRKAĞAÇ"
365,39,"KIRKLARELİ MERKEZ"
366,40,"KIRŞEHİR MERKEZ"
367,6,"KIZILCAHAMAM"
368,47,"KIZILTEPE"
369,12,"KİĞI"
370,79,"KİLİS MERKEZ"
371,35,"KİRAZ"
373,9,"KOÇARLI"
374,39,"KOFÇAZ"
375,52,"KORGAN"
376,7,"KORKUTELİ"
377,58,"KOYULHİSAR"
378,50,"KOZAKLI"
379,1,"KOZAN"
380,72,"KOZLUK"
381,48,"KÖYCEĞİZ"
382,45,"KULA"
383,21,"KULP"
384,42,"KULU"
385,7,"KUMLUCA"
386,52,"KUMRU"
387,18,"KURŞUNLU"
388,56,"KURTALAN"
389,74,"KURUCAŞİLE"
390,9,"KUŞADASI"
391,9,"KUYUCAK"
392,37,"KÜRE"
393,43,"KÜTAHYA MERKEZ"
394,55,"LADİK"
395,22,"LALAPAŞA"
396,17,"LAPSEKİ"
397,21,"LİCE"
398,39,"LÜLEBURGAZ"
399,23,"MADEN"
400,61,"MAÇKA"
401,26,"MAHMUDİYE"
403,49,"MALAZGİRT"
404,59,"MALKARA"
405,7,"MANAVGAT"
407,10,"MANYAS"
410,48,"MARMARİS"
411,62,"MAZGİRT"
412,47,"MAZIDAĞI"
413,19,"MECİTÖZÜ"
414,35,"MENEMEN"
415,14,"MENGEN"
416,22,"MERİÇ"
417,5,"MERZİFON"
418,52,"MESUDİYE"
419,47,"MİDYAT"
420,26,"MİHALIÇÇIK"
421,48,"MİLAS"
422,40,"MUCUR"
423,16,"MUDANYA"
424,14,"MUDURNU"
426,65,"MURADİYE"
427,49,"MUŞ MERKEZ"
428,16,"MUSTAFAKEMALPAŞA"
429,33,"MUT"
430,13,"MUTKİ"
431,59,"MURATLI"
432,6,"NALLIHAN"
433,25,"NARMAN"
434,62,"NAZIMİYE"
435,9,"NAZİLLİ"
436,50,"NEVŞEHİR MERKEZ"
437,51,"NİĞDE MERKEZ"
438,60,"NİKSAR"
439,27,"NİZİP"
440,47,"NUSAYBİN"
441,61,"OF"
442,27,"OĞUZELİ"
443,25,"OLTU"
444,25,"OLUR"
446,16,"ORHANELİ"
447,16,"ORHANGAZİ"
448,18,"ORTA"
449,19,"ORTAKÖY"
450,68,"ORTAKÖY"
451,19,"OSMANCIK"
452,11,"OSMANELİ"
453,80,"OSMANİYE MERKEZ"
454,78,"OVACIK"
455,62,"OVACIK"
456,35,"ÖDEMİŞ"
457,47,"ÖMERLİ"
458,65,"ÖZALP"
459,23,"PALU"
460,25,"PASİNLER"
461,4,"PATNOS"
462,53,"PAZAR"
463,46,"PAZARCIK"
464,11,"PAZARYERİ"
465,39,"PEHLİVANKÖY"
466,52,"PERŞEMBE"
467,62,"PERTEK"
468,56,"PERVARİ"
469,38,"PINARBAŞI"
470,39,"PINARHİSAR"
471,6,"POLATLI"
472,75,"POSOF"
473,1,"POZANTI"
474,62,"PÜLÜMÜR"
475,44,"PÜTÜRGE"
476,24,"REFAHİYE"
477,60,"REŞADİYE"
478,31,"REYHANLI"
479,53,"RİZE MERKEZ"
480,78,"SAFRANBOLU"
481,1,"SAİMBEYLİ"
483,45,"SALİHLİ"
484,31,"SAMANDAĞ"
485,2,"SAMSAT"
487,3,"SANDIKLI"
488,54,"SAPANCA"
489,59,"SARAY"
490,20,"SARAYKÖY"
491,42,"SARAYÖNÜ"
492,26,"SARICAKAYA"
493,45,"SARIGÖL"
494,36,"SARIKAMIŞ"
495,66,"SARIKAYA"
496,38,"SARIOĞLAN"
497,34,"SARIYER"
498,38,"SARIZ"
499,45,"SARUHANLI"
500,72,"SASON"
501,10,"SAVAŞTEPE"
502,47,"SAVUR"
503,14,"SEBEN"
504,35,"SEFERİHİSAR"
505,35,"SELÇUK"
506,45,"SELENDİ"
507,36,"SELİM"
508,32,"SENİRKENT"
509,7,"SERİK"
510,42,"SEYDİŞEHİR"
511,26,"SEYİTGAZİ"
512,10,"SINDIRGI"
513,56,"SİİRT MERKEZ"
514,33,"SİLİFKE"
515,34,"SİLİVRİ"
516,73,"SİLOPİ"
517,21,"SİLVAN"
518,43,"SİMAV"
519,3,"SİNANPAŞA"
520,57,"SİNOP MERKEZ"
521,58,"SİVAS MERKEZ"
522,64,"SİVASLI"
523,63,"SİVEREK"
524,23,"SİVRİCE"
525,26,"SİVRİHİSAR"
526,12,"SOLHAN"
527,45,"SOMA"
528,66,"SORGUN"
529,11,"SÖĞÜT"
530,9,"SÖKE"
531,71,"SULAKYURT"
532,3,"SULTANDAĞI"
533,9,"SULTANHİSAR"
534,5,"SULUOVA"
535,19,"SUNGURLU"
536,63,"SURUÇ"
537,10,"SUSURLUK"
538,36,"SUSUZ"
539,58,"SUŞEHRİ"
540,61,"SÜRMENE"
541,32,"SÜTÇÜLER"
542,18,"ŞABANÖZÜ"
543,58,"ŞARKIŞLA"
544,32,"ŞARKİKARAAĞAÇ"
545,59,"ŞARKÖY"
546,8,"ŞAVŞAT"
547,28,"ŞEBİNKARAHİSAR"
548,66,"ŞEFAATLİ"
549,30,"ŞEMDİNLİ"
550,25,"ŞENKAYA"
551,6,"ŞEREFLİKOÇHİSAR"
552,34,"ŞİLE"
553,29,"ŞİRAN"
554,73,"ŞIRNAK MERKEZ"
555,56,"ŞİRVAN"
556,34,"ŞİŞLİ"
557,3,"ŞUHUT"
558,33,"TARSUS"
559,37,"TAŞKÖPRÜ"
560,4,"TAŞLIÇAY"
561,5,"TAŞOVA"
562,13,"TATVAN"
563,20,"TAVAS"
564,43,"TAVŞANLI"
565,15,"TEFENNİ"
567,25,"TEKMAN"
568,24,"TERCAN"
569,55,"TERME"
570,35,"TİRE"
571,28,"TİREBOLU"
572,60,"TOKAT MERKEZ"
573,38,"TOMARZA"
574,61,"TONYA"
575,35,"TORBALI"
576,25,"TORTUM"
577,29,"TORUL"
578,37,"TOSYA"
580,1,"TUFANBEYLİ"
581,62,"TUNCELİ MERKEZ"
582,45,"TURGUTLU"
583,60,"TURHAL"
584,4,"TUTAK"
585,76,"TUZLUCA"
586,57,"TÜRKELİ"
587,46,"TÜRKOĞLU"
588,48,"ULA"
589,52,"ULUBEY"
590,64,"ULUBEY"
591,73,"ULUDERE"
592,32,"ULUBORLU"
593,51,"ULUKIŞLA"
594,74,"ULUS"
596,35,"URLA"
597,64,"UŞAK MERKEZ"
598,22,"UZUNKÖPRÜ"
599,52,"ÜNYE"
600,50,"ÜRGÜP"
601,34,"ÜSKÜDAR"
602,61,"VAKFIKEBİR"
604,49,"VARTO"
605,55,"VEZİRKÖPRÜ"
606,63,"VİRANŞEHİR"
607,39,"VİZE"
608,38,"YAHYALI"
609,77,"YALOVA MERKEZ"
610,32,"YALVAÇ"
611,18,"YAPRAKLI"
612,48,"YATAĞAN"
613,27,"YAVUZELİ"
614,31,"YAYLADAĞI"
615,17,"YENİCE"
616,6,"YENİMAHALLE"
617,9,"YENİPAZAR"
618,16,"YENİŞEHİR"
619,66,"YERKÖY"
620,38,"YEŞİLHİSAR"
621,15,"YEŞİLOVA"
622,44,"YEŞİLYURT"
623,81,"YIĞILCA"
624,58,"YILDIZELİ"
625,61,"YOMRA"
626,66,"YOZGAT MERKEZ"
627,1,"YUMURTALIK"
628,42,"YUNAK"
629,8,"YUSUFELİ"
630,30,"YÜKSEKOVA"
631,58,"ZARA"
632,34,"ZEYTİNBURNU"
633,60,"ZİLE"
634,67,"ZONGULDAK MERKEZ"
635,48,"DALAMAN"
636,80,"DÜZİÇİ"
637,6,"GÖLBAŞI"
638,6,"KEÇİÖREN"
639,6,"MAMAK"
640,6,"SİNCAN"
641,1,"YÜREĞİR"
642,50,"ACIGÖL"
643,12,"ADAKLI"
644,45,"AHMETLİ"
645,38,"AKKIŞLA"
646,42,"AKÖREN"
647,40,"AKPINAR"
648,32,"AKSU"
649,36,"AKYAKA"
650,1,"ALADAĞ"
651,67,"ALAPLI"
652,26,"ALPU"
653,42,"ALTINEKİN"
654,74,"AMASRA"
655,23,"ARICAK"
656,55,"ASARCIK"
657,43,"ASLANAPA"
658,18,"ATKARACALAR"
659,33,"AYDINCIK"
660,69,"AYDINTEPE"
661,70,"AYRANCI"
662,20,"BABADAĞ"
663,65,"BAHÇESARAY"
664,3,"BAŞMAKÇI"
665,44,"BATTALGAZİ"
666,3,"BAYAT"
667,20,"BEKİLLİ"
668,61,"BEŞİKDÜZÜ"
669,35,"BEYDAĞ"
670,26,"BEYLİKOVA"
671,19,"BOĞAZKALE"
672,33,"BOZYAZI"
673,35,"BUCA"
674,9,"BUHARKENT"
675,34,"BÜYÜKÇEKMECE"
676,16,"BÜYÜKORHAN"
677,81,"CUMAYERİ"
679,65,"ÇALDIRAN"
680,47,"DARGEÇİT"
681,69,"DEMİRÖZÜ"
682,42,"DEREBUCAK"
683,43,"DUMLUPINAR"
684,21,"EĞİL"
685,31,"ERZİN"
686,45,"GÖLMARMARA"
687,81,"GÖLYAKA"
688,52,"GÜLYALI"
689,53,"GÜNEYSU"
690,52,"GÜRGENTEPE"
691,13,"GÜROYMAK"
692,16,"HARMANCIK"
693,63,"HARRAN"
694,49,"HASKÖY"
695,43,"HİSARCIK"
696,20,"HONAZ"
697,42,"HÜYÜK"
698,37,"İHSANGAZİ"
699,1,"İMAMOĞLU"
700,9,"İNCİRLİOVA"
701,26,"İNÖNÜ"
702,3,"İSCEHİSAR"
703,34,"KAĞITHANE"
704,7,"DEMRE"
705,25,"KARAÇOBAN"
706,15,"KARAMANLI"
707,42,"KARATAY"
708,6,"KAHRAMANKAZAN"
709,15,"KEMER"
710,18,"KIZILIRMAK"
711,54,"KOCAALİ"
712,35,"KONAK"
713,23,"KOVANCILAR"
714,41,"KÖRFEZ"
715,29,"KÖSE"
716,34,"KÜÇÜKÇEKMECE"
717,10,"MARMARA"
718,59,"MARMARAEREĞLİSİ"
719,35,"MENDERES"
720,42,"MERAM"
721,8,"MURGUL"
722,16,"NİLÜFER"
724,48,"ORTACA"
725,16,"OSMANGAZİ"
726,54,"PAMUKOVA"
727,60,"PAZAR"
728,34,"PENDİK"
729,37,"PINARBAŞI"
730,28,"PİRAZİZ"
731,55,"SALIPAZARI"
732,42,"SELÇUKLU"
733,20,"SERİNHİSAR"
734,27,"ŞAHİNBEY"
735,61,"ŞALPAZARI"
736,43,"ŞAPHANE"
737,27,"ŞEHİTKAMİL"
738,37,"ŞENPAZAR"
739,38,"TALAS"
740,54,"TARAKLI"
741,42,"TAŞKENT"
742,55,"TEKKEKÖY"
743,19,"UĞURLUDAĞ"
744,25,"UZUNDERE"
745,34,"ÜMRANİYE"
746,24,"ÜZÜMLÜ"
747,28,"YAĞLIDERE"
748,12,"YAYLADERE"
749,78,"YENİCE"
750,11,"YENİPAZAR"
751,60,"YEŞİLYURT"
752,16,"YILDIRIM"
753,68,"AĞAÇÖREN"
754,68,"GÜZELYURT"
755,70,"KAZIMKARABEKİR"
756,38,"KOCASİNAN"
757,38,"MELİKGAZİ"
758,25,"PAZARYOLU"
759,68,"SARIYAHŞİ"
760,37,"AĞLI"
761,42,"AHIRLI"
762,40,"AKÇAKENT"
763,58,"AKINCILAR"
764,20,"PAMUKKALE"
765,6,"AKYURT"
766,23,"ALACAKAYA"
767,15,"ALTINYAYLA"
768,58,"ALTINYAYLA"
769,51,"ALTUNHİSAR"
770,66,"AYDINCIK"
771,56,"TİLLO"
772,55,"AYVACIK"
773,71,"BAHŞİLİ"
774,20,"BAKLAN"
775,71,"BALIŞEYH"
776,60,"BAŞÇİFTLİK"
777,70,"BAŞYAYLA"
778,18,"BAYRAMÖREN"
779,34,"BAYRAMPAŞA"
780,31,"BELEN"
781,20,"BEYAĞAÇ"
782,20,"BOZKURT"
783,40,"BOZTEPE"
784,52,"ÇAMAŞ"
785,33,"ÇAMLIYAYLA"
786,28,"ÇAMOLUK"
787,28,"ÇANAKÇI"
788,66,"ÇANDIR"
789,61,"ÇARŞIBAŞI"
790,52,"ÇATALPINAR"
791,43,"ÇAVDARHİSAR"
792,15,"ÇAVDIR"
793,52,"ÇAYBAŞI"
794,71,"ÇELEBİ"
795,42,"ÇELTİK"
796,15,"ÇELTİKÇİ"
797,51,"ÇİFTLİK"
798,81,"ÇİLİMLİ"
799,3,"ÇOBANLAR"
800,42,"DERBENT"
801,53,"DEREPAZARI"
802,61,"DERNEKPAZARI"
803,57,"DİKMEN"
804,19,"DODURGA"
805,28,"DOĞANKENT"
806,58,"DOĞANŞAR"
807,44,"DOĞANYOL"
808,37,"DOĞANYURT"
809,14,"DÖRTDİVAN"
810,61,"DÜZKÖY"
811,65,"EDREMİT"
812,46,"EKİNÖZÜ"
813,42,"EMİRGAZİ"
814,68,"ESKİL"
815,6,"ETİMESGUT"
816,3,"EVCİLER"
817,6,"EVREN"
818,54,"FERİZLİ"
819,67,"GÖKÇEBEY"
820,58,"GÖLOVA"
821,10,"GÖMEÇ"
822,32,"GÖNEN"
823,28,"GÜCE"
824,73,"GÜÇLÜKONAK"
825,68,"GÜLAĞAÇ"
826,42,"GÜNEYSINIR"
827,26,"GÜNYÜZÜ"
828,16,"GÜRSU"
829,38,"HACILAR"
830,42,"HALKAPINAR"
831,5,"HAMAMÖZÜ"
832,26,"HAN"
833,37,"HANÖNÜ"
834,72,"HASANKEYF"
835,61,"HAYRAT"
836,53,"HEMŞİN"
837,3,"HOCALAR"
838,25,"AZİZİYE"
839,7,"İBRADI"
840,52,"İKİZCE"
841,11,"İNHİSAR"
842,53,"İYİDERE"
843,52,"KABADÜZ"
844,52,"KABATAŞ"
845,66,"KADIŞEHRİ"
846,44,"KALE"
847,71,"KARAKEÇİLİ"
848,54,"KARAPÜRÇEK"
849,27,"KARKAMIŞ"
850,9,"KARPUZLU"
851,48,"KAVAKLIDERE"
852,7,"KEMER"
853,16,"KESTEL"
854,3,"KIZILÖREN"
855,21,"KOCAKÖY"
856,18,"KORGUN"
857,49,"KORKUT"
858,45,"KÖPRÜBAŞI"
859,61,"KÖPRÜBAŞI"
860,25,"KÖPRÜKÖY"
861,9,"KÖŞK"
862,44,"KULUNCAK"
863,31,"KUMLU"
864,29,"KÜRTÜN"
865,19,"LAÇİN"
866,26,"MİHALGAZİ"
867,27,"NURDAĞI"
868,46,"NURHAK"
869,19,"OĞUZLAR"
870,24,"OTLUKBELİ"
871,38,"ÖZVATAN"
872,43,"PAZARLAR"
873,65,"SARAY"
874,57,"SARAYDÜZÜ"
875,66,"SARAYKENT"
876,70,"SARIVELİLER"
877,37,"SEYDİLER"
878,2,"SİNCİK"
879,54,"SÖĞÜTLÜ"
880,60,"SULUSARAY"
881,22,"SÜLOĞLU"
882,2,"TUT"
883,42,"TUZLUKÇU"
884,58,"ULAŞ"
885,71,"YAHŞİHAN"
886,55,"YAKAKENT"
887,42,"YALIHÜYÜK"
888,44,"YAZIHAN"
889,12,"YEDİSU"
890,14,"YENİÇAĞA"
891,66,"YENİFAKILI"
892,9,"DİDİM"
893,32,"YENİŞARBADEMLİ"
894,47,"YEŞİLLİ"
895,34,"AVCILAR"
896,34,"BAĞCILAR"
897,34,"BAHÇELİEVLER"
898,35,"BALÇOVA"
899,35,"ÇİĞLİ"
900,75,"DAMAL"
901,35,"GAZİEMİR"
902,34,"GÜNGÖREN"
903,76,"KARAKOYUNLU"
904,34,"MALTEPE"
905,35,"NARLIDERE"
906,34,"SULTANBEYLİ"
907,34,"TUZLA"
908,34,"ESENLER"
909,81,"GÜMÜŞOVA"
910,35,"GÜZELBAHÇE"
911,77,"ALTINOVA"
912,77,"ARMUTLU"
913,77,"ÇINARCIK"
914,77,"ÇİFTLİKKÖY"
915,79,"ELBEYLİ"
916,79,"MUSABEYLİ"
917,79,"POLATELİ"
918,77,"TERMAL"
919,80,"HASANBEYLİ"
920,80,"SUMBAS"
921,80,"TOPRAKKALE"
922,41,"DERİNCE"
923,81,"KAYNAŞLI"
941,7,"KEPEZ"
942,7,"KONYAALTI"
943,7,"MURATPAŞA"
944,21,"BAĞLAR"
945,21,"KAYAPINAR"
946,21,"SUR"
961,35,"KARABAĞLAR"
962,35,"BAYRAKLI"
963,34,"ARNAVUTKÖY"
964,34,"ATAŞEHİR"
965,34,"BAŞAKŞEHİR"
966,34,"BEYLİKDÜZÜ"
967,34,"ÇEKMEKÖY"
968,34,"ESENYURT"
969,34,"SANCAKTEPE"
970,34,"SULTANGAZİ"
981,1,"SARIÇAM"
982,1,"ÇUKUROVA"
983,6,"PURSAKLAR"
984,7,"AKSU"
985,7,"DÖŞEMEALTI"
986,21,"YENİŞEHİR"
987,25,"PALANDÖKEN"
988,25,"YAKUTİYE"
989,26,"ODUNPAZARI"
990,26,"TEPEBAŞI"
991,33,"AKDENİZ"
992,33,"MEZİTLİ"
993,33,"TOROSLAR"
994,33,"YENİŞEHİR"
995,41,"BAŞİSKELE"
996,41,"ÇAYIROVA"
997,41,"DARICA"
998,41,"DİLOVASI"
999,41,"İZMİT"
1000,41,"KARTEPE"
1001,55,"ATAKUM"
1002,55,"CANİK"
1003,55,"İLKADIM"
1004,54,"ADAPAZARI"
1005,54,"ARİFİYE"
1006,54,"ERENLER"
1007,54,"SERDİVAN"
1025,9,"EFELER"
1027,46,"ÇAĞLAYANCERİT"
1028,55,"19-May"
1029,10,"KARESİ"
1030,10,"ALTIEYLÜL"
1031,31,"ANTAKYA"
1032,31,"DEFNE"
1033,31,"ARSUZ"
1034,31,"PAYAS"
1035,20,"MERKEZEFENDİ"
1036,52,"ALTINORDU"
1037,45,"ŞEHZADELER"
1038,45,"YUNUSEMRE"
1039,61,"ORTAHİSAR"
1040,47,"ARTUKLU"
1041,65,"TUŞBA"
1042,65,"İPEKYOLU"
1043,67,"KİLİMLİ"
1044,67,"KOZLU"
1045,46,"DULKADİROĞLU"
1046,46,"ONİKİŞUBAT"
1047,63,"EYYÜBİYE"
1048,63,"HALİLİYE"
1049,63,"KARAKÖPRÜ"
1050,59,"SÜLEYMANPAŞA"
1051,59,"KAPAKLI"
1052,59,"ERGENE"
1053,48,"MENTEŞE"
1054,48,"SEYDİKEMER"
11888,8,"KEMALPAŞA"
12008,68,"SULTANHANI"
